{
    "name": "horizon-dice",
    "title": "Horizon's Dice Collection",
    "description": "Module that adds custom dice texture for the Dice-So-Nice! module",
		"author": "Horizon",
		"version": "0.1.1",
		"minimumCoreVersion": "0.7.0",
		"scripts": [
				"scripts/main.js"
		],
		"dependencies":[
				{
						"name": "dice-so-nice",
						"manifest": "https://gitlab.com/riccisi/foundryvtt-dice-so-nice/-/raw/master/module/module.json"
				}
		],
		"download": "https://github.com/cfritsky67/fvtt-module-horizons_dice/raw/main/module.zip",
		"manifest": "https://github.com/cfritsky67/fvtt-module-horizons_dice/raw/main/horizons-dice/module.json"
}
